program_name,run_number,timestamp,cbreez_version,system_id,zone,file_path,lot_number
Marvell_B1822_Cyprus_66C,228,2025-12-18 12:41:43,9.17.8.4157,HPB-5C,1,C:\Users\isaac\Downloads\OneDrive_2026-01-09\For Isaac\extracted_logs_sept24_dec25\extracted_logs_sept24_dec25\B1822_Cyprus\ACT\act1_228.dat,
Marvell_B1822_Cyprus_66C,229,2025-12-22 15:42:20,9.17.8.4157,HPB-5C,1,C:\Users\isaac\Downloads\OneDrive_2026-01-09\For Isaac\extracted_logs_sept24_dec25\extracted_logs_sept24_dec25\B1822_Cyprus\ACT\act1_229.dat,
Marvell_B1822_Cyprus_66C,230,2025-12-22 15:48:18,9.17.8.4157,HPB-5C,1,C:\Users\isaac\Downloads\OneDrive_2026-01-09\For Isaac\extracted_logs_sept24_dec25\extracted_logs_sept24_dec25\B1822_Cyprus\ACT\act1_230.dat,
Marvell_B1822_Cyprus_66C,232,2025-12-23 11:13:12,9.17.8.4157,HPB-5C,1,C:\Users\isaac\Downloads\OneDrive_2026-01-09\For Isaac\extracted_logs_sept24_dec25\extracted_logs_sept24_dec25\B1822_Cyprus\ACT\act1_232.dat,
Marvell_B1822_Cyprus_66C,102,2025-06-27 12:50:45,9.17.8.4157,HPB-5C,3,C:\Users\isaac\Downloads\OneDrive_2026-01-09\For Isaac\extracted_logs_sept24_dec25\extracted_logs_sept24_dec25\B1822_Cyprus\ACT\act3_102.dat,L03251273
Marvell_B1822_Cyprus_66C,112,2025-07-21 11:58:31,9.17.8.4157,HPB-5C,3,C:\Users\isaac\Downloads\OneDrive_2026-01-09\For Isaac\extracted_logs_sept24_dec25\extracted_logs_sept24_dec25\B1822_Cyprus\ACT\act3_112.dat,L04251415
Marvell_B1822_Cyprus_66C,153,2025-10-15 11:25:59,9.17.8.4157,HPB-5C,3,C:\Users\isaac\Downloads\OneDrive_2026-01-09\For Isaac\extracted_logs_sept24_dec25\extracted_logs_sept24_dec25\B1822_Cyprus\ACT\act3_153.dat,L09250589
Marvell_B1822_Cyprus_66C,154,2025-10-15 16:24:13,9.17.8.4157,HPB-5C,3,C:\Users\isaac\Downloads\OneDrive_2026-01-09\For Isaac\extracted_logs_sept24_dec25\extracted_logs_sept24_dec25\B1822_Cyprus\ACT\act3_154.dat,L09250589
Marvell_B1822_Cyprus_66C,167,2025-11-12 11:22:18,9.17.8.4157,HPB-5C,6,C:\Users\isaac\Downloads\OneDrive_2026-01-09\For Isaac\extracted_logs_sept24_dec25\extracted_logs_sept24_dec25\B1822_Cyprus\ACT\act6_167.dat,
